,group,variable,value
0,NTHC,fd_mean,0.0854927119548588
1,NTHC,fd_mean,0.1656038129580247
2,NTHC,fd_mean,0.0752030636434642
3,NTHC,fd_mean,0.1008841511103715
4,NTHC,fd_mean,0.1268746509302468
5,NTHC,fd_mean,0.0849274328607476
6,NTHC,fd_mean,0.1392626301972261
7,NTHC,fd_mean,0.0969226961971497
8,NTHC,fd_mean,0.0606500700593046
9,NTHC,fd_mean,0.0899071800011295
10,NTHC,fd_mean,0.0644195854813165
11,NTHC,fd_mean,0.0707997800394381
12,NTHC,fd_mean,0.0657519826760446
13,NTHC,fd_mean,0.0838640460904687
14,NTHC,fd_mean,0.084824351627933
15,NTHC,fd_mean,0.0791953303197243
16,NTHC,fd_mean,0.0688324187016807
17,NTHC,fd_mean,0.0606500700593046
18,NTHC,fd_mean,0.0899071800011295
19,NTHC,fd_mean,0.0644195854813165
20,NTHC,fd_mean,0.0707997800394381
21,NTHC,fd_mean,0.0657519826760446
22,NTHC,fd_mean,0.0838640460904687
23,NTHC,fd_mean,0.084824351627933
24,NTHC,fd_mean,0.0791953303197243
25,NTHC,fd_mean,0.0688324187016807
26,NTHC,fd_mean,0.0894578398241948
27,NTHC,fd_mean,0.0898026939498183
28,NTHC,fd_mean,0.1240138910345604
29,NTHC,fd_mean,0.0765113784894842
30,NTHC,fd_mean,0.1457143229634366
31,NTHC,fd_mean,0.1032503205948571
32,NTHC,fd_mean,0.1033406588871749
33,NTHC,fd_mean,0.0611842325503321
34,NTHC,fd_mean,0.0803687053957217
35,NTHC,fd_mean,0.0748646480448421
36,NTHC,fd_mean,0.0814390905781884
37,NTHC,fd_mean,0.0813046667265396
38,NTHC,fd_mean,0.0894769766583482
39,NTHC,fd_mean,0.0751654104261374
40,NTHC,fd_mean,0.0682270499985853
41,NTHC,fd_mean,0.0649095181981019
42,NTHC,fd_mean,0.1583185709310891
43,NTHC,fd_mean,0.1009448171252294
44,NTHC,fd_mean,0.1057118795566827
45,NTHC,fd_mean,0.1441482707471732
46,NTHC,fd_mean,0.1454376556242759
47,NTHC,fd_mean,0.1467212192600312
48,NTHC,fd_mean,0.1599679913637502
49,NTHC,fd_mean,0.0919696929754698
50,NTHC,fd_mean,0.1664352971998912
51,NTHC,fd_mean,0.0698423686069908
52,NTHC,fd_mean,0.1059211591045252
53,NTHC,fd_mean,0.1073857075299112
54,NTHC,fd_mean,0.1257992976842258
55,NTHC,fd_mean,0.1844576886696708
56,NTHC,fd_mean,0.0929249492472689
57,NTHC,fd_mean,0.1270601078603022
58,NTHC,fd_mean,0.0628386528248881
59,NTHC,fd_mean,0.0676210032860326
60,NTHC,fd_mean,0.0545848811123131
61,NTHC,fd_mean,0.0864948473208633
62,NTHC,fd_mean,0.084296270160627
63,NTHC,fd_mean,0.1087584773463668
64,NTHC,fd_mean,0.1011124326281492
65,NTHC,fd_mean,0.1182410675440012
66,NTHC,fd_mean,0.105005621711373
67,NTHC,fd_mean,0.1447795502136276
68,NTHC,fd_mean,0.1170884271034099
69,NTHC,fd_mean,0.1147898568633993
70,NTHC,fd_mean,0.1303376696369688
71,NTHC,fd_mean,0.1598055088735808
72,NTHC,fd_mean,0.1795206817371402
73,NTHC,fd_mean,0.1269647788427993
74,NTHC,fd_mean,0.087568602173098
75,NTHC,fd_mean,0.1304815282728173
76,NTHC,fd_mean,0.8612301250630827
77,NTHC,fd_mean,0.1138043422505977
78,NTHC,fd_mean,0.2413610768023638
79,NTHC,fd_mean,0.1751872449470006
80,NTHC,fd_mean,0.0803941427908732
81,NTHC,fd_mean,0.0804619960378407
82,NTHC,fd_mean,0.081584860581187
83,NTHC,fd_mean,0.0786993793578911
84,NTHC,fd_mean,0.0797446927315132
85,NTHC,fd_mean,0.0586662685641924
86,NTHC,fd_mean,0.0435395938287826
87,NTHC,fd_mean,0.0753615014573216
88,NTHC,fd_mean,0.0549544335520208
89,NTHC,fd_mean,0.075388877912507
90,NTHC,fd_mean,0.0756630608144155
91,NTHC,fd_mean,0.055297560769514
92,NTHC,fd_mean,0.0637685642038115
93,NTHC,fd_mean,0.0531457922863984
94,NTHC,fd_mean,0.0692939364091335
95,NTHC,fd_mean,0.0688329400242947
96,NTHC,fd_mean,0.056902870503214
97,NTHC,fd_mean,0.1169859488325491
98,NTHC,fd_mean,0.0964848208468032
99,NTHC,fd_mean,0.0859830858458835
100,NTHC,fd_mean,0.0580998708401244
101,NTHC,fd_mean,0.1835888611204199
102,NTHC,fd_mean,0.0962193435130652
103,NTHC,fd_mean,0.0647462768723324
104,NTHC,fd_mean,0.0709157468739643
105,NTHC,fd_mean,0.0525876760445681
106,NTHC,fd_mean,0.092490020829981
107,NTHC,fd_mean,0.0566960350277387
108,NTHC,fd_mean,0.0593339168458339
109,NTHC,fd_mean,0.08246483807844
110,NTHC,fd_mean,0.0619959672362151
111,NTHC,fd_mean,0.0544162882557462
112,NTHC,fd_mean,0.0557631580193428
113,NTHC,fd_mean,0.1133616251380983
114,NTHC,fd_mean,0.0811099010095798
115,NTHC,fd_mean,0.0749447345067048
116,NTHC,fd_mean,0.082663325116751
117,NTHC,fd_mean,0.1126605936916664
118,NTHC,fd_mean,0.1450428610881639
119,NTHC,fd_mean,0.0900956104917535
120,NTHC,fd_mean,0.528684287953202
121,NTHC,fd_mean,0.0971462431745756
122,NTHC,fd_mean,0.0943806764599232
123,NTHC,fd_mean,0.0652821896878576
124,NTHC,fd_mean,0.1217069171242803
125,NTHC,fd_mean,0.2040665483713563
126,NTHC,fd_mean,0.130948687686355
127,NTHC,fd_mean,0.1060672885773369
128,NTHC,fd_mean,0.1184844477129807
129,NTHC,fd_mean,0.2210463603302026
130,NTHC,fd_mean,0.0632604007617333
131,NTHC,fd_mean,0.0755431779033581
132,NTHC,fd_mean,0.1700493236816272
133,NTHC,fd_mean,0.0625980773894764
134,NTHC,fd_mean,0.1482024531088409
135,NTHC,fd_mean,0.0646214043367256
136,NTHC,fd_mean,0.169769539915792
137,NTHC,fd_mean,0.0574263369184953
138,NTHC,fd_mean,0.050683384875845
139,NTHC,fd_mean,0.0502465677424209
140,NTHC,fd_mean,0.1141764000864473
141,NTHC,fd_mean,0.0529012648357459
142,NTHC,fd_mean,0.0757446118129498
143,NTHC,fd_mean,0.0870714452942508
144,NTHC,fd_mean,0.0372227546597014
145,NTHC,fd_mean,0.0400273457645976
146,NTHC,fd_mean,0.0981998656272709
147,NTHC,fd_mean,0.0686673083732348
148,NTHC,fd_mean,0.1191354682457924
149,NTHC,fd_mean,0.1088890245294735
150,NTHC,fd_mean,0.1305990016647917
151,NTHC,fd_mean,0.1036095556159673
152,NTHC,fd_mean,0.1672717234663827
153,NTHC,fd_mean,0.0924259605207236
154,NTHC,fd_mean,0.140130681945129
155,NTHC,fd_mean,0.0970932535472902
156,NTHC,fd_mean,0.2319824183758801
157,NTHC,fd_mean,0.1322771668439993
158,NTHC,fd_mean,0.0600513784781259
159,NTHC,fd_mean,0.1261678616656706
160,NTHC,fd_mean,0.0791998289730292
161,NTHC,fd_mean,0.0400754510814494
162,NTHC,fd_mean,0.0719037853448304
163,NTHC,fd_mean,0.0680988632103468
164,NTHC,fd_mean,0.0943603903170959
165,NTHC,fd_mean,0.083981028786909
166,NTHC,fd_mean,0.0873921164001978
167,NTHC,fd_mean,0.0954605208616312
168,NTHC,fd_mean,0.1007529425851976
169,NTHC,fd_mean,0.069238546991105
170,NTHC,fd_mean,0.1045890675055178
171,NTHC,fd_mean,0.053268572490784
172,NTHC,fd_mean,0.1313062418263116
173,NTHC,fd_mean,0.0944886197988515
174,NTHC,fd_mean,0.0916398903538076
175,NTHC,fd_mean,0.0861496591218738
176,NTHC,fd_mean,0.0922496924202627
177,NTHC,fd_mean,0.0742886524667393
178,NTHC,fd_mean,0.0670079895694566
179,NTHC,fd_mean,0.0904795710131288
180,NTHC,fd_mean,0.0743404957615993
181,NTHC,fd_mean,0.0600905810254336
182,NTHC,fd_mean,0.0664244472326396
183,NTHC,fd_mean,0.0754194445473142
184,NTHC,fd_mean,0.1213885945873626
185,NTHC,fd_mean,0.0574637651960349
186,NTHC,fd_mean,0.0722145462703859
187,NTHC,fd_mean,0.081673589329076
188,NTHC,fd_mean,0.0578676863110776
189,NTHC,fd_mean,0.109876477467081
190,NTHC,fd_mean,0.1629219252376829
191,NTHC,fd_mean,0.1278004820221008
192,NTHC,fd_mean,0.1661272620493379
193,NTHC,fd_mean,0.1805294854387384
194,NTHC,fd_mean,0.1296529586008708
195,NTHC,fd_mean,0.1104922760824264
196,NTHC,fd_mean,0.1427819550205938
197,NTHC,fd_mean,0.1024070906766139
198,NTHC,fd_mean,0.129928664569854
199,NTHC,fd_mean,0.2099771407736247
200,NTHC,fd_mean,0.1073546147729559
201,NTHC,fd_mean,0.0529935266210694
202,NTHC,fd_mean,0.0833703129099596
203,NTHC,fd_mean,0.1247695778039845
204,NTHC,fd_mean,0.0666344718439161
205,NTHC,fd_mean,0.081098210503952
206,NTHC,fd_mean,0.1006950936656954
207,NTHC,fd_mean,0.0613981084760739
208,NTHC,fd_mean,0.3194853199739531
209,NTHC,fd_mean,0.1001367732890556
210,NTHC,fd_mean,0.0599065850209561
211,NTHC,fd_mean,0.0479794556751611
212,NTHC,fd_mean,0.568703580968177
213,NTHC,fd_mean,0.2493101768892326
214,NTHC,fd_mean,0.2264446633979482
215,NTHC,fd_mean,0.6556821320597528
216,NTHC,fd_mean,0.2824891101234134
217,NTHC,fd_mean,0.3402687291095845
218,NTHC,fd_mean,0.2216877240368354
219,NTHC,fd_mean,0.3700352684235471
220,NTHC,fd_mean,0.4728302861506174
221,NTHC,fd_mean,0.2969293479764019
222,NTHC,fd_mean,0.8599625035869832
223,NTHC,fd_mean,0.161460140128822
224,NTHC,fd_mean,0.0988637544756869
225,NTHC,fd_mean,0.144887794135412
226,NTHC,fd_mean,0.0682226435022308
227,NTHC,fd_mean,0.0981179471244377
228,NTHC,fd_mean,0.0729164722239387
229,NTHC,fd_mean,0.1013330706195144
230,NTHC,fd_mean,0.0779496985109322
231,NTHC,fd_mean,0.0860177988437427
232,NTHC,fd_mean,0.0867104878896372
233,NTHC,fd_mean,0.1528453978956869
234,NTHC,fd_mean,0.0567920358920959
235,NTHC,fd_mean,0.0540663777632935
236,NTHC,fd_mean,0.0503760708828164
237,NTHC,fd_mean,0.0459507595133558
238,NTHC,fd_mean,0.1144912206287164
239,NTHC,fd_mean,0.046777249681443
240,NTHC,fd_mean,0.0424954523908152
241,NTHC,fd_mean,0.1605974294323497
242,NTHC,fd_mean,0.068227246753354
243,NTHC,fd_mean,0.0370755874598742
244,NTHC,fd_mean,0.0832448985016822
245,NTHC,fd_mean,0.0786013804871798
246,NTHC,fd_mean,0.0468222634539654
247,NTHC,fd_mean,0.0454857276238084
248,NTHC,fd_mean,0.0384667949253181
249,NTHC,fd_mean,0.0481331801450104
250,NTHC,fd_mean,0.0419711609425955
251,NTHC,fd_mean,0.0899423440190403
252,NTHC,fd_mean,0.0577054187773896
253,NTHC,fd_mean,0.1486683194372356
254,NTHC,fd_mean,0.0469503923972298
255,NTHC,fd_mean,0.0469020119880797
256,NTHC,fd_mean,0.0839006385640376
257,NTHC,fd_mean,0.0621794055455654
258,NTHC,fd_mean,0.0602220065350556
259,NTHC,fd_mean,0.0709862384605657
260,NTHC,fd_mean,0.0481820381224306
261,NTHC,fd_mean,0.0693238004641516
262,NTHC,fd_mean,0.0513372709274016
263,NTHC,fd_mean,0.0543187923303533
264,NTHC,fd_mean,0.0825562374851671
265,NTHC,fd_mean,0.0792017848676452
266,NTHC,fd_mean,0.0858082170844278
267,NTHC,fd_mean,0.0448188289751297
268,NTHC,fd_mean,0.0592207520100587
269,NTHC,fd_mean,0.0759373354137567
270,NTHC,fd_mean,0.0722076063998299
271,NTHC,fd_mean,0.0335673310053183
272,NTHC,fd_mean,0.0886120026765731
273,NTHC,fd_mean,0.0487557285148757
274,NTHC,fd_mean,0.0598895328597985
275,NTHC,fd_mean,0.060644289195637
276,NTHC,fd_mean,0.0477745891185589
277,NTHC,fd_mean,0.0484018282668192
278,NTHC,fd_mean,0.0485315458474586
279,NTHC,fd_mean,0.0528640614257822
280,NTHC,fd_mean,0.043148463588561
281,NTHC,fd_mean,0.07443732038066
282,NTHC,fd_mean,0.0539004744771567
283,NTHC,fd_mean,0.0700340348410568
284,NTHC,fd_mean,0.0473544455049754
285,NTHC,fd_mean,0.2558903035557687
286,NTHC,fd_mean,0.0796473020348226
287,NTHC,fd_mean,0.1111790308493832
288,NTHC,fd_mean,0.1336504592981138
289,NTHC,fd_mean,0.1725305170277583
290,NTHC,fd_mean,0.061979106078375
291,NTHC,fd_mean,0.0876028170095591
292,NTHC,fd_mean,0.1585925882756605
293,NTHC,fd_mean,0.3750936578367156
294,NTHC,fd_mean,0.2077435553749669
295,NTHC,fd_mean,0.1217774668626107
296,NTHC,fd_mean,0.0715244575124005
297,NTHC,fd_mean,0.0701001503453075
298,NTHC,fd_mean,0.0683761791628824
299,NTHC,fd_mean,0.0521818637035986
300,NTHC,fd_mean,0.1129734227195811
301,NTHC,fd_mean,0.0707887906102613
302,NTHC,fd_mean,0.0573701750644368
303,NTHC,fd_mean,0.0644924269648156
304,NTHC,fd_mean,0.0631098540850425
305,NTHC,fd_mean,0.0865489796158832
306,NTHC,fd_mean,0.0914013437504999
307,NTHC,fd_mean,0.0901453386505809
308,NTHC,fd_mean,0.070788259762045
309,NTHC,fd_mean,0.1996316853231469
310,NTHC,fd_mean,0.0868287294238232
311,NTHC,fd_mean,0.1006221786074677
312,NTHC,fd_mean,0.1650338766864353
313,NTHC,fd_mean,0.1555331664107768
314,NTHC,fd_mean,0.2072442757877984
315,NTHC,fd_mean,0.1224501969730783
316,NTHC,fd_mean,0.1163241551360515
317,NTHC,fd_mean,0.3498432252577984
318,NTHC,fd_mean,0.1194928620846678
319,NTHC,fd_mean,0.0897541414047483
320,NTHC,fd_mean,0.121769657889695
321,NTHC,fd_mean,0.0977852091340217
322,NTHC,fd_mean,0.1151907153690684
323,NTHC,fd_mean,0.1430960317793617
324,NTHC,fd_mean,0.2072442757877984
325,NTHC,fd_mean,0.1224501969730783
326,NTHC,fd_mean,0.1163241551360515
327,NTHC,fd_mean,0.3498432252577984
328,NTHC,fd_mean,0.1194928620846678
329,NTHC,fd_mean,0.0897541414047483
330,NTHC,fd_mean,0.121769657889695
331,NTHC,fd_mean,0.0977852091340217
332,NTHC,fd_mean,0.1151907153690684
333,NTHC,fd_mean,0.1430960317793617
334,NTHC,fd_mean,0.163272607985334
335,NTHC,fd_mean,0.0865666946686443
336,NTHC,fd_mean,0.1619305638185991
337,NTHC,fd_mean,0.1672082014647977
338,NTHC,fd_mean,0.0665092391066262
339,NTHC,fd_mean,0.0708547913865011
340,NTHC,fd_mean,0.1065466495338139
341,NTHC,fd_mean,0.1208967061394484
342,NTHC,fd_mean,0.1809935482767169
343,NTHC,fd_mean,0.0768787101191968
344,NTHC,fd_mean,0.2075971859897911
345,NTHC,fd_mean,0.1039516070229663
346,NTHC,fd_mean,0.1076797842922833
347,NTHC,fd_mean,0.0634810273620665
348,NTHC,fd_mean,0.0552045597520534
349,NTHC,fd_mean,0.1215432822254659
350,NTHC,fd_mean,0.0667778774771295
351,NTHC,fd_mean,0.0962423807013841
352,NTHC,fd_mean,0.0900538853859432
353,NTHC,fd_mean,0.1062162272072992
354,NTHC,fd_mean,0.0911992691402978
355,NTHC,fd_mean,0.1588730914801742
356,NTHC,fd_mean,0.0815350399991639
357,NTHC,fd_mean,0.0811756260602539
358,NTHC,fd_mean,0.1279162681932201
359,NTHC,fd_mean,0.0616320681587226
360,NTHC,fd_mean,0.0822813608902333
361,NTHC,fd_mean,0.0675668887426387
362,NTHC,fd_mean,0.1058285562485689
363,NTHC,fd_mean,0.0652167337819922
364,NTHC,fd_mean,0.0622207291752377
365,NTHC,fd_mean,0.0806503818606888
366,NTHC,fd_mean,0.0724954170103993
367,NTHC,fd_mean,0.0655606661034032
368,NTHC,fd_mean,0.0893096746670656
369,NTHC,fd_mean,0.1361358457335828
370,NTHC,fd_mean,0.13361459913138
371,NTHC,fd_mean,0.1587194336893574
372,NTHC,fd_mean,0.1452537855793218
373,NTHC,fd_mean,0.1185905059578709
374,NTHC,fd_mean,0.178273200445859
375,NTHC,fd_mean,0.1743947890363358
376,NTHC,fd_mean,0.1291218393045247
377,NTHC,fd_mean,0.3074512747385838
378,NTHC,fd_mean,0.0770944649915158
379,NTHC,fd_mean,0.0587892166450984
380,NTHC,fd_mean,0.0556442528265711
381,NTHC,fd_mean,0.0597174454551338
382,NTHC,fd_mean,0.059213747418656
383,NTHC,fd_mean,0.0689915512331887
384,NTHC,fd_mean,0.0582189619564826
385,NTHC,fd_mean,0.0616899652481922
386,NTHC,fd_mean,0.0599989453795287
387,NTHC,fd_mean,0.0535797365176518
388,NTHC,fd_mean,0.0803479508218298
389,NTHC,fd_mean,0.0684113083530467
390,NTHC,fd_mean,0.0707759613159321
391,NTHC,fd_mean,0.0866014022470432
392,NTHC,fd_mean,0.0686932101211935
393,NTHC,fd_mean,0.0715681545678005
394,NTHC,fd_mean,0.0826839055139152
395,NTHC,fd_mean,0.0661317526887159
396,NTHC,fd_mean,0.1241441048593373
397,NTHC,fd_mean,0.0939580003351441
398,NTHC,fd_mean,0.0973362168084886
399,NTHC,fd_mean,0.1605117805042198
400,NTHC,fd_mean,0.1151445576681334
401,NTHC,fd_mean,0.1127186638550215
402,NTHC,fd_mean,0.1931048608154178
403,NTHC,fd_mean,0.1041615534710549
404,NTHC,fd_mean,0.247805263166702
405,NTHC,fd_mean,0.1197634763951499
406,NTHC,fd_mean,0.1212555185711876
407,NTHC,fd_mean,0.0984732120028039
408,NTHC,fd_mean,0.1934166734529745
409,NTHC,fd_mean,0.2563106236213791
410,NTHC,fd_mean,0.1738683402284042
411,NTHC,fd_mean,0.2475746771886959
412,NTHC,fd_mean,0.3340235337182821
413,NTHC,fd_mean,0.2389481727245795
414,NTHC,fd_mean,0.2678875078584204
415,NTHC,fd_mean,0.0907332998266098
416,NTHC,fd_mean,0.2170775978855941
417,NTHC,fd_mean,0.4000376562514189
418,NTHC,fd_mean,0.100176912282827
419,NTHC,fd_mean,0.3382957351260681
420,NTHC,fd_mean,0.3114636937344778
421,NTHC,fd_mean,0.0925082826023951
422,NTHC,fd_mean,0.0726757230523864
423,NTHC,fd_mean,0.0638408501489574
424,NTHC,fd_mean,0.052377908571077
425,NTHC,fd_mean,0.0610771624711008
426,NTHC,fd_mean,0.0704487567623444
427,NTHC,fd_mean,0.048712614086934
428,NTHC,fd_mean,0.0559480353415811
429,NTHC,fd_mean,0.159363788588384
430,NTHC,fd_mean,0.1021028125920427
431,NTHC,fd_mean,0.0511069498935368
432,NTS,fd_mean,0.0548905844792077
433,NTS,fd_mean,0.0853287151259546
434,NTS,fd_mean,0.151184630993654
435,NTS,fd_mean,0.0840527013649979
436,NTS,fd_mean,0.3089198574833979
437,NTS,fd_mean,0.1527829891130588
438,NTS,fd_mean,0.1631770899830328
439,NTS,fd_mean,0.1886821297548496
440,NTS,fd_mean,0.1661175815828855
441,NTS,fd_mean,0.0557354487573589
442,NTS,fd_mean,0.1205297370071029
443,NTS,fd_mean,0.0829033546803148
444,NTS,fd_mean,0.0528255567091368
445,NTS,fd_mean,0.0384041157783191
446,NTS,fd_mean,0.1134234425249442
447,NTS,fd_mean,0.0403049162113392
448,NTS,fd_mean,0.0792629179493115
449,NTS,fd_mean,0.0471583238467113
450,NTS,fd_mean,0.1019934886081843
451,NTS,fd_mean,0.0425353495339125
452,NTS,fd_mean,0.1095032316111087
453,NTS,fd_mean,0.1254837970622259
454,NTS,fd_mean,0.1059849825698395
455,NTS,fd_mean,0.1698426067198853
456,NTS,fd_mean,0.1589222036479696
457,NTS,fd_mean,0.0948456903607758
458,NTS,fd_mean,0.1310453528979341
459,NTS,fd_mean,0.0788228270998338
460,NTS,fd_mean,0.071474581988555
461,NTS,fd_mean,0.0755252658802674
462,NTS,fd_mean,0.0900170056008761
463,NTS,fd_mean,0.1125630206299793
464,NTS,fd_mean,0.0652889396356497
465,NTS,fd_mean,0.1067927785058889
466,NTS,fd_mean,0.0416747092914298
467,NTS,fd_mean,0.0700976044807864
468,NTS,fd_mean,0.1098651858960466
469,NTS,fd_mean,0.0641060116021705
470,NTS,fd_mean,0.0725785542807342
471,NTS,fd_mean,0.3588054122833845
472,NTS,fd_mean,0.0546341463698591
473,NTS,fd_mean,0.0728729028674233
474,NTS,fd_mean,0.2035568766986363
475,NTS,fd_mean,0.0727792772952598
476,NTS,fd_mean,0.0778296519577046
477,NTS,fd_mean,0.1520768604623659
478,NTS,fd_mean,0.1451491009801416
479,NTS,fd_mean,0.1983442542017657
480,NTS,fd_mean,0.1480992293541047
481,NTS,fd_mean,0.1246655787054679
482,NTS,fd_mean,0.1415724383308091
483,NTS,fd_mean,0.1836681665903699
484,NTS,fd_mean,0.1845030092961676
485,NTS,fd_mean,0.1362049550868375
486,NTS,fd_mean,0.2064716569267049
487,NTS,fd_mean,0.1085305595604667
488,NTS,fd_mean,0.0471645375719153
489,NTS,fd_mean,0.0762583808672024
490,NTS,fd_mean,0.0824909844247398
491,NTS,fd_mean,0.0601990666741722
492,NTS,fd_mean,0.0710294451880457
493,NTS,fd_mean,0.068987287408666
494,NTS,fd_mean,0.0631716480572506
495,NTS,fd_mean,0.0734498589885385
496,NTS,fd_mean,0.073555935723747
497,NTS,fd_mean,0.0802417548834698
498,NTS,fd_mean,0.0946688981830669
499,NTS,fd_mean,0.1019255587688751
500,NTS,fd_mean,0.0611136841459771
501,NTS,fd_mean,0.0879826368431028
502,NTS,fd_mean,0.0972240639805746
503,NTS,fd_mean,0.1467756033863592
504,NTS,fd_mean,0.0874234984777053
505,NTS,fd_mean,0.1082797278982612
506,NTS,fd_mean,0.1590781849770729
507,NTS,fd_mean,0.1567791168872683
508,NTS,fd_mean,0.0855107542896966
509,NTS,fd_mean,0.0756986622003304
510,NTS,fd_mean,0.1315592409979775
511,NTS,fd_mean,0.247479585108879
512,NTS,fd_mean,0.2330674385285663
513,NTS,fd_mean,0.0874548888932491
514,NTS,fd_mean,0.2130542329467697
515,NTS,fd_mean,0.1222670352075521
516,NTS,fd_mean,0.2118691139856819
517,NTS,fd_mean,0.0778510382243939
518,NTS,fd_mean,0.0857548290706119
519,NTS,fd_mean,0.0783434108528508
520,NTS,fd_mean,0.0577253073892137
521,NTS,fd_mean,0.0814461382186085
522,NTS,fd_mean,0.1418721997384998
523,NTS,fd_mean,0.0642986923361388
524,NTS,fd_mean,0.0972606240018166
525,NTS,fd_mean,0.0558903212479605
526,NTS,fd_mean,0.107161504515175
527,NTS,fd_mean,0.0758793533068059
528,NTS,fd_mean,0.2898897220913022
529,NTS,fd_mean,0.1142608162884251
530,NTS,fd_mean,0.0786871346503456
531,NTS,fd_mean,0.0725206956011383
532,NTS,fd_mean,0.056670320499481
533,NTS,fd_mean,0.1190207086218229
534,NTS,fd_mean,0.0670890371162875
535,NTS,fd_mean,0.0692590497352833
536,NTS,fd_mean,0.0668780041785758
537,NTS,fd_mean,0.0682467981537273
538,NTS,fd_mean,0.0739538337905083
539,NTS,fd_mean,0.1419361051812136
540,NTS,fd_mean,0.1733329092195148
541,NTS,fd_mean,0.1259720556301652
542,NTS,fd_mean,0.1466464405915993
543,NTS,fd_mean,0.4192141540629467
544,NTS,fd_mean,0.1621767585041027
545,NTS,fd_mean,0.2654626554019986
546,NTS,fd_mean,0.170192051970634
547,NTS,fd_mean,0.1286222077039417
548,NTS,fd_mean,0.1914236452528319
549,NTS,fd_mean,0.0886220166310095
550,NTS,fd_mean,0.3132845773412296
551,NTS,fd_mean,0.0944998782424806
552,NTS,fd_mean,0.15828925923124
553,NTS,fd_mean,0.1406799499341336
554,NTS,fd_mean,0.0923623380850657
555,NTS,fd_mean,0.1169315519949195
556,NTS,fd_mean,0.070041892006588
557,NTS,fd_mean,0.0538616932465515
558,NTS,fd_mean,0.0996358936278396
559,NTS,fd_mean,0.1030368973023076
560,NTS,fd_mean,0.0895003329365628
561,NTS,fd_mean,0.1245597385195613
562,NTS,fd_mean,0.0801021189720311
563,NTS,fd_mean,0.1030836770799089
564,NTS,fd_mean,0.1229693450119172
565,NTS,fd_mean,0.144943287577549
566,NTS,fd_mean,0.1067116913165777
567,NTS,fd_mean,0.0829142554415166
568,NTS,fd_mean,0.0932394776010464
569,NTS,fd_mean,0.1639170713387683
570,NTS,fd_mean,0.1338206852962928
571,NTS,fd_mean,0.1005085431193712
572,NTS,fd_mean,0.0594975046646998
573,NTS,fd_mean,0.0707566828374541
574,NTS,fd_mean,0.0622313125492823
575,NTS,fd_mean,0.0550785379738116
576,NTS,fd_mean,0.0658324517655782
577,NTS,fd_mean,0.066931381849123
578,NTS,fd_mean,0.0641166630529144
579,NTS,fd_mean,0.0863110651109697
580,NTS,fd_mean,0.0677521007574234
581,NTS,fd_mean,0.0635346369829548
582,NTS,fd_mean,0.0700914310096335
583,NTS,fd_mean,0.0713780507260338
584,NTS,fd_mean,0.0624313115194132
585,NTS,fd_mean,0.0381720723492791
586,NTS,fd_mean,0.046467128518029
587,NTS,fd_mean,0.047676570451163
588,NTS,fd_mean,0.0715382882787023
589,NTS,fd_mean,0.0499048388529943
590,NTS,fd_mean,0.0594692415169411
591,NTS,fd_mean,0.0791337053526095
592,NTS,fd_mean,0.0466522943117506
593,NTS,fd_mean,0.0757813156801089
594,NTS,fd_mean,0.0927019598601541
595,NTS,fd_mean,0.0964237805033771
596,NTS,fd_mean,0.3051608036280285
597,NTS,fd_mean,0.1296542668448748
598,NTS,fd_mean,0.0751125249689066
599,NTS,fd_mean,0.0591337698294995
600,NTS,fd_mean,0.2238188764151308
601,NTS,fd_mean,0.1724788123687427
602,NTS,fd_mean,0.1355992804002003
603,NTS,fd_mean,0.1037739811559543
604,NTS,fd_mean,0.1413541779765516
605,NTS,fd_mean,0.0810661926127959
606,NTS,fd_mean,0.1640783842329483
607,NTS,fd_mean,0.1333041292267675
608,NTS,fd_mean,0.0640939049454567
609,NTS,fd_mean,0.157523871354711
610,NTS,fd_mean,0.0696414289498952
611,NTS,fd_mean,0.0815579496512658
612,NTS,fd_mean,0.0991792372534115
613,NTS,fd_mean,0.1655081714715772
614,NTS,fd_mean,0.0691663639121189
615,NTS,fd_mean,0.1109183480174007
616,NTS,fd_mean,0.0533595311302412
617,NTS,fd_mean,0.1567777546998832
618,NTS,fd_mean,0.0520944534886136
619,NTS,fd_mean,0.380165577028527
620,NTS,fd_mean,0.0467729694864898
621,NTS,fd_mean,0.0877775620997033
622,NTS,fd_mean,0.1437621859477812
623,NTS,fd_mean,0.1234220282352805
624,NTS,fd_mean,0.255041661147978
625,NTS,fd_mean,0.1280062354126053
626,NTS,fd_mean,0.1428042756187078
627,NTS,fd_mean,0.065158291687261
628,NTS,fd_mean,0.1263079835389367
629,NTS,fd_mean,0.1702038510921878
630,NTS,fd_mean,0.0711796584146135
631,NTS,fd_mean,0.0539445619018021
632,NTS,fd_mean,0.0667219978953634
633,NTS,fd_mean,0.0695186490469509
634,NTS,fd_mean,0.0781475728745217
635,NTS,fd_mean,0.063898240150873
636,NTS,fd_mean,0.1284938645042405
637,NTS,fd_mean,0.066897550926982
638,NTS,fd_mean,0.0612908289032069
639,NTS,fd_mean,0.0808220918471779
640,NTS,fd_mean,0.0852392697806044
641,NTS,fd_mean,0.0917115525932389
642,NTS,fd_mean,0.0494443110830271
643,NTS,fd_mean,0.0535821616614912
644,NTS,fd_mean,0.1204797324137475
645,NTS,fd_mean,0.1931705567379603
646,NTS,fd_mean,0.0673870557836834
647,NTS,fd_mean,0.0867928232693192
648,NTS,fd_mean,0.0516771349653822
649,NTS,fd_mean,0.0950040959189133
650,NTS,fd_mean,0.088178904773008
651,NTS,fd_mean,0.1797023638693436
652,NTS,fd_mean,0.0676940917468594
653,NTS,fd_mean,0.0916461622765709
654,NTS,fd_mean,0.0868161051267431
655,NTS,fd_mean,0.1039380496250847
656,NTS,fd_mean,0.1028740194516357
657,NTS,fd_mean,0.1464782345770587
658,NTS,fd_mean,0.084220678577918
659,NTS,fd_mean,0.0926348674449455
660,NTS,fd_mean,0.1279094251694425
661,NTS,fd_mean,0.1290265377576283
662,NTS,fd_mean,0.0996956191172511
663,NTS,fd_mean,0.0998778615351397
664,NTS,fd_mean,0.0592774433560694
665,NTS,fd_mean,0.106302202151442
666,NTS,fd_mean,0.1546731113244734
667,NTS,fd_mean,0.0710814006658362
668,NTS,fd_mean,0.0896787166342717
669,NTS,fd_mean,0.1447553894079538
670,NTS,fd_mean,0.0732985656259042
671,NTS,fd_mean,0.0446935567791666
672,NTS,fd_mean,0.0518992948419333
673,NTS,fd_mean,0.0506292817127355
674,NTS,fd_mean,0.0556511622950735
675,NTS,fd_mean,0.0516980248560759
676,NTS,fd_mean,0.0500231349694882
677,NTS,fd_mean,0.0340559510230891
678,NTS,fd_mean,0.0472177610582632
679,NTS,fd_mean,0.0472904686413742
680,NTS,fd_mean,0.053811466853353
681,NTS,fd_mean,0.0803059507345551
682,NTS,fd_mean,0.2386574853140308
683,NTS,fd_mean,0.18936491368726
684,NTS,fd_mean,0.0916830396342857
685,NTS,fd_mean,0.1781371172656183
686,NTS,fd_mean,0.0896241904577742
687,NTS,fd_mean,0.3370318677116317
688,NTS,fd_mean,0.2249832216567055
689,NTS,fd_mean,0.3743270526091353
690,NTS,fd_mean,0.092414398357305
691,NTS,fd_mean,0.0930733340421409
692,NTS,fd_mean,0.0816409373069303
693,NTS,fd_mean,0.0748274354529765
694,NTS,fd_mean,0.0900845644286301
695,NTS,fd_mean,0.0747418346184827
696,NTS,fd_mean,0.2605982264176136
697,NTS,fd_mean,0.0724169502725092
698,NTS,fd_mean,0.230570857970248
699,NTS,fd_mean,0.073365498054778
700,NTS,fd_mean,0.0624387897229801
701,NTS,fd_mean,0.1039981525009178
702,NTS,fd_mean,0.0711736539936702
703,NTS,fd_mean,0.1244067219663741
704,NTS,fd_mean,0.0920261689020519
705,NTS,fd_mean,0.0540377034996023
706,NTS,fd_mean,0.0576814461739598
707,NTS,fd_mean,0.0716966243033945
708,NTS,fd_mean,0.1046051587465838
709,NTS,fd_mean,0.1460034473333577
710,NTS,fd_mean,0.1368912852860552
711,NTS,fd_mean,0.0551686716378152
712,NTS,fd_mean,0.0570967831206305
713,NTS,fd_mean,0.0589870568409515
714,NTS,fd_mean,0.0534826208118907
715,NTS,fd_mean,0.0895449053147564
716,NTS,fd_mean,0.0522349487612487
717,NTS,fd_mean,0.0626596996345979
718,NTS,fd_mean,0.1896097486249804
719,NTS,fd_mean,0.0671296197513179
720,NTS,fd_mean,0.0870191784152457
721,NTS,fd_mean,0.1069461199215625
722,NTS,fd_mean,0.0736037615720438
723,NTS,fd_mean,0.0692788276267549
724,NTS,fd_mean,0.0574504149056558
725,NTS,fd_mean,0.0623554782664523
726,NTS,fd_mean,0.061974065603084
727,NTS,fd_mean,0.0851162040555486
728,NTS,fd_mean,0.0756713940758952
729,NTS,fd_mean,0.0952874116538888
730,NTS,fd_mean,0.0724659727981801
731,NTS,fd_mean,0.161152425445568
732,NTS,fd_mean,0.1832488986415472
733,NTS,fd_mean,0.1113712797747746
734,NTS,fd_mean,0.1484536584474306
735,NTS,fd_mean,0.1105899912422354
736,NTS,fd_mean,0.0875147449517702
737,NTS,fd_mean,0.1913754917660128
738,NTS,fd_mean,0.0926677144979817
739,NTS,fd_mean,0.0953602428412438
740,NTS,fd_mean,0.1430640221589126
741,NTS,fd_mean,0.0841739804619453
742,NTS,fd_mean,0.0761607913337162
743,NTS,fd_mean,0.1199487166191274
744,NTS,fd_mean,0.1454114413850839
745,NTS,fd_mean,0.1154295358219001
746,NTS,fd_mean,0.1124937676067777
747,NTS,fd_mean,0.0880015589354372
748,NTS,fd_mean,0.1018659036598578
749,NTS,fd_mean,0.0978535249180148
750,NTS,fd_mean,0.1356009715039587
751,NTS,fd_mean,0.1346915566075606
752,NTS,fd_mean,0.0925765625352466
753,NTS,fd_mean,0.109227579509468
754,NTS,fd_mean,0.0601884041672201
755,NTS,fd_mean,0.0576581485799649
756,NTS,fd_mean,0.0555650923355061
757,NTS,fd_mean,0.0501058978051448
758,NTS,fd_mean,0.0473299882343536
759,NTS,fd_mean,0.0548383668000391
760,NTS,fd_mean,0.0514130644459788
761,NTS,fd_mean,0.0632453753683304
762,NTS,fd_mean,0.0800817745348869
763,NTS,fd_mean,0.058121470588178
764,NTS,fd_mean,0.0501301990134582
765,NTS,fd_mean,0.4080863213655273
766,NTS,fd_mean,0.2487865896791378
767,NTS,fd_mean,0.2227069301388041
768,NTS,fd_mean,0.1946488218886659
769,NTS,fd_mean,0.3869983029393616
770,NTS,fd_mean,0.2053354046940446
771,NTS,fd_mean,0.4571388009890307
772,NTS,fd_mean,0.3269669288061663
773,NTS,fd_mean,0.2795768290047961
774,NTS,fd_mean,0.196403826942322
775,NTS,fd_mean,0.0968802966238605
776,NTS,fd_mean,0.0809283415643684
777,NTS,fd_mean,0.1831790227908789
778,NTS,fd_mean,0.0959960991464797
779,NTS,fd_mean,0.1383272433245282
780,NTS,fd_mean,0.0920616165092425
781,NTS,fd_mean,0.0847572732666365
782,NTS,fd_mean,0.103585232418895
783,NTS,fd_mean,0.1595727361119823
784,NTS,fd_mean,0.1445920649757465
785,NTS,fd_mean,0.0346051135175289
786,NTS,fd_mean,0.034495196625432
787,NTS,fd_mean,0.04312482984138
788,NTS,fd_mean,0.0579074757539258
789,NTS,fd_mean,0.0517604445960305
790,NTS,fd_mean,0.037530255688624
791,NTS,fd_mean,0.0474970434555426
792,NTS,fd_mean,0.0331204631713128
793,NTS,fd_mean,0.0416382039964492
794,NTS,fd_mean,0.0362186563607618
795,NTS,fd_mean,0.0502180567418372
796,NTS,fd_mean,0.2814332622499748
797,NTS,fd_mean,0.246801636331643
798,NTS,fd_mean,0.2491678475077303
799,NTS,fd_mean,0.2479585738762156
800,NTS,fd_mean,0.2379542248091853
801,NTS,fd_mean,0.3123149042853152
802,NTS,fd_mean,0.2486248577809693
803,NTS,fd_mean,0.2813823394701533
804,NTS,fd_mean,0.2841165854072347
805,NTS,fd_mean,0.2521986875605142
806,NTS,fd_mean,0.0520988098377008
807,NTS,fd_mean,0.0725126010723563
808,NTS,fd_mean,0.0563364430488124
809,NTS,fd_mean,0.0713137897334606
810,NTS,fd_mean,0.0616341882052002
811,NTS,fd_mean,0.061141915309974
812,NTS,fd_mean,0.0599189493507382
813,NTS,fd_mean,0.0645612186139834
814,NTS,fd_mean,0.0738359301712472
815,NTS,fd_mean,0.0485636118768282
816,NTS,fd_mean,0.071591158620398
817,NTS,fd_mean,0.1248686202640483
818,NTS,fd_mean,0.1265077037155911
819,NTS,fd_mean,0.1177982257397863
820,NTS,fd_mean,0.1145023689542092
821,NTS,fd_mean,0.2994622533412474
822,NTS,fd_mean,0.1049978220518569
823,NTS,fd_mean,0.1220798463979384
824,NTS,fd_mean,0.1238278539584417
825,NTS,fd_mean,0.1157320033236838
826,NTS,fd_mean,0.0577459518767234
827,NTS,fd_mean,0.1248419481776587
828,TEHC,fd_mean,0.0647371451456674
829,TEHC,fd_mean,0.2151489199903397
830,TEHC,fd_mean,0.1521352850536643
831,TEHC,fd_mean,0.3880045344608749
832,TEHC,fd_mean,0.4176496418215782
833,TEHC,fd_mean,0.3150315965634349
834,TEHC,fd_mean,0.4617288599109577
835,TEHC,fd_mean,0.2177878872681889
836,TEHC,fd_mean,0.3955640267250832
837,TEHC,fd_mean,0.430308792244717
838,TEHC,fd_mean,0.46594695504038
839,TEHC,fd_mean,0.3792607994456536
840,TEHC,fd_mean,0.0531243544641186
841,TEHC,fd_mean,0.0798215860266435
842,TEHC,fd_mean,0.0982733878588324
843,TEHC,fd_mean,0.0462938943393009
844,TEHC,fd_mean,0.0555662822917095
845,TEHC,fd_mean,0.1082666592470093
846,TEHC,fd_mean,0.0499224422286177
847,TEHC,fd_mean,0.0789395578462613
848,TEHC,fd_mean,0.0750932610131542
849,TEHC,fd_mean,0.0594266718674703
850,TEHC,fd_mean,0.1230149227060185
851,TEHC,fd_mean,0.0750163090527348
852,TEHC,fd_mean,0.090914570793347
853,TEHC,fd_mean,0.0619396063520888
854,TEHC,fd_mean,0.1548834880648091
855,TEHC,fd_mean,0.0797931774439423
856,TEHC,fd_mean,0.0740264674218115
857,TEHC,fd_mean,0.0971235705819776
858,TEHC,fd_mean,0.0759549919658295
859,TEHC,fd_mean,0.0838371042165379
860,TEHC,fd_mean,0.0908273469559851
861,TEHC,fd_mean,0.0702984825985464
862,TEHC,fd_mean,0.0795350676380052
863,TEHC,fd_mean,0.0839448661919433
864,TEHC,fd_mean,0.0689532593004548
865,TEHC,fd_mean,0.1031074290922756
866,TEHC,fd_mean,0.0991807562834814
867,TEHC,fd_mean,0.1005702832525992
868,TEHC,fd_mean,0.0989709055826873
869,TEHC,fd_mean,0.1070674307578971
870,TEHC,fd_mean,0.149784009330336
871,TEHC,fd_mean,0.0759519051244274
872,TEHC,fd_mean,0.1796010512708852
873,TEHC,fd_mean,0.4246066338113499
874,TEHC,fd_mean,0.0694020749343637
875,TEHC,fd_mean,0.5497365418405276
876,TEHC,fd_mean,0.3554468632016266
877,TEHC,fd_mean,0.4207775087669573
878,TEHC,fd_mean,0.29097727139724
879,TEHC,fd_mean,0.59217161373449
880,TEHC,fd_mean,0.157022033048766
881,TEHC,fd_mean,0.2742961701350864
882,TEHC,fd_mean,1.1053732856298684
883,TEHC,fd_mean,0.1160854113868196
884,TEHC,fd_mean,0.0994353493785011
885,TEHC,fd_mean,0.1354638376328604
886,TEHC,fd_mean,0.0973091364036696
887,TEHC,fd_mean,0.1321679647970896
888,TEHC,fd_mean,0.1078930728426641
889,TEHC,fd_mean,0.1778329598040109
890,TEHC,fd_mean,0.0890081741779983
891,TEHC,fd_mean,0.1489635737710608
892,TEHC,fd_mean,0.0845848488468967
893,TEHC,fd_mean,0.1270123350170386
894,TEHC,fd_mean,0.0609117568456254
895,TEHC,fd_mean,0.083628943528207
896,TEHC,fd_mean,0.0653735857894163
897,TEHC,fd_mean,0.0720489762505652
898,TEHC,fd_mean,0.0509766993637237
899,TEHC,fd_mean,0.1001851130508671
900,TEHC,fd_mean,0.0524354329795687
901,TEHC,fd_mean,0.0573550241744754
902,TEHC,fd_mean,0.1003994229462928
903,TEHC,fd_mean,0.105287263958916
904,TEHC,fd_mean,0.1387033724543354
905,TEHC,fd_mean,0.0884160361120783
906,TEHC,fd_mean,0.172260889951699
907,TEHC,fd_mean,0.0546724634219988
908,TEHC,fd_mean,0.1483017526702133
909,TEHC,fd_mean,0.13540827663364
910,TEHC,fd_mean,0.1033117115530628
911,TEHC,fd_mean,0.0599582534534937
912,TEHC,fd_mean,0.234684918554927
913,TEHC,fd_mean,0.0878977336690577
914,TEHC,fd_mean,0.1055516336698546
915,TEHC,fd_mean,0.0416912622518549
916,TEHC,fd_mean,0.0600256792586757
917,TEHC,fd_mean,0.061539776998622
918,TEHC,fd_mean,0.0645096615828731
919,TEHC,fd_mean,0.0344811100430626
920,TEHC,fd_mean,0.0908904054889944
921,TEHC,fd_mean,0.0742769401879136
922,TEHC,fd_mean,0.1336820505840813
923,TEHC,fd_mean,0.0831943851963533
924,TEHC,fd_mean,0.0707791473528299
925,TEHC,fd_mean,0.0787558587837005
926,TEHC,fd_mean,0.0695481463439917
927,TEHC,fd_mean,0.0914799652462992
928,TEHC,fd_mean,0.0907721286812198
929,TEHC,fd_mean,0.0774256505487461
930,TEHC,fd_mean,0.0560167391786527
931,TEHC,fd_mean,0.0966332332392973
932,TEHC,fd_mean,0.1978783191762416
933,TEHC,fd_mean,0.124506651769787
934,TEHC,fd_mean,0.0688212232773089
935,TEHC,fd_mean,0.0886743291195069
936,TEHC,fd_mean,0.2754707190370029
937,TEHC,fd_mean,0.226874303835045
938,TEHC,fd_mean,0.3137477070135218
939,TEHC,fd_mean,0.3160726278603121
940,TEHC,fd_mean,0.2699477978858093
941,TEHC,fd_mean,0.3566429119434011
942,TEHC,fd_mean,0.3367850999220972
943,TEHC,fd_mean,0.1570872221837244
944,TEHC,fd_mean,0.4764384843293895
945,TEHC,fd_mean,0.3079342244756461
946,TEHC,fd_mean,0.3831406481583116
947,TEHC,fd_mean,0.0977205064832173
948,TEHC,fd_mean,0.0717805253842618
949,TEHC,fd_mean,0.0805695227377699
950,TEHC,fd_mean,0.1343290516751502
951,TEHC,fd_mean,0.1216631785883298
952,TEHC,fd_mean,0.0764687722682101
953,TEHC,fd_mean,0.0871518521916589
954,TEHC,fd_mean,0.1227828736079657
955,TEHC,fd_mean,0.0915172143180646
956,TEHC,fd_mean,0.1009949433252621
957,TEHC,fd_mean,0.101709119434492
958,TEHC,fd_mean,0.1928825924332602
959,TEHC,fd_mean,0.1198037166058761
960,TEHC,fd_mean,0.1353401791052612
961,TEHC,fd_mean,0.1405571926031232
962,TEHC,fd_mean,0.1394338212093734
963,TEHC,fd_mean,0.1250755492432728
964,TEHC,fd_mean,0.124067934914703
965,TEHC,fd_mean,0.1896556349063995
966,TEHC,fd_mean,0.1460460782288092
967,TEHC,fd_mean,0.2855455507670456
968,TEHC,fd_mean,0.0814165949762151
969,TEHC,fd_mean,0.1402628062275963
970,TEHC,fd_mean,0.0826516206491147
971,TEHC,fd_mean,0.0671464674573515
972,TEHC,fd_mean,0.0791222015057965
973,TEHC,fd_mean,0.0857206416986502
974,TEHC,fd_mean,0.0811254249509253
975,TEHC,fd_mean,0.0748740468370551
976,TEHC,fd_mean,0.1108446784431098
977,TEHC,fd_mean,0.0784322305027949
978,TEHC,fd_mean,0.1161430481224466
979,TEHC,fd_mean,0.2968841381046496
980,TEHC,fd_mean,0.1175584311854534
981,TEHC,fd_mean,0.2576582749314411
982,TEHC,fd_mean,0.1650426416679466
983,TEHC,fd_mean,0.1805791069589398
984,TEHC,fd_mean,0.1637642958760164
985,TEHC,fd_mean,0.1863851695895519
986,TEHC,fd_mean,0.1713651335241644
987,TEHC,fd_mean,0.188568277956685
988,TEHC,fd_mean,0.1578078060286449
989,TEHC,fd_mean,0.0742339211540694
990,TEHC,fd_mean,0.0859658517981775
991,TEHC,fd_mean,0.0641932191365939
992,TEHC,fd_mean,0.1182461492714584
993,TEHC,fd_mean,0.0707535504464334
994,TEHC,fd_mean,0.0892300669065631
995,TEHC,fd_mean,0.0512559618637363
996,TEHC,fd_mean,0.1139475248059231
997,TEHC,fd_mean,0.0803344066730172
998,TEHC,fd_mean,0.0958270161170214
999,TEHC,fd_mean,0.1036543211903392
1000,TEHC,fd_mean,0.0631817269163406
1001,TEHC,fd_mean,0.065817995731634
1002,TEHC,fd_mean,0.0813149236155885
1003,TEHC,fd_mean,0.0660214542589668
1004,TEHC,fd_mean,0.1049953386728696
1005,TEHC,fd_mean,0.0752524473741772
1006,TEHC,fd_mean,0.0788995224170541
1007,TEHC,fd_mean,0.1242135279882535
1008,TEHC,fd_mean,0.0732552861508274
1009,TEHC,fd_mean,0.1252483700525935
1010,TEHC,fd_mean,0.1271490426919317
1011,TEHC,fd_mean,0.2467623326688652
1012,TEHC,fd_mean,0.0975581589388058
1013,TEHC,fd_mean,0.043418417555091
1014,TEHC,fd_mean,0.0431810504435055
1015,TEHC,fd_mean,0.0353150026788811
1016,TEHC,fd_mean,0.0455013367759074
1017,TEHC,fd_mean,0.07700949647223
1018,TEHC,fd_mean,0.0423292559910446
1019,TEHC,fd_mean,0.046109532619628
1020,TEHC,fd_mean,0.04204396917839
1021,TEHC,fd_mean,0.0909513404676203
1022,TEHC,fd_mean,0.1135701646894141
1023,TEHC,fd_mean,0.0643180609626825
1024,TEHC,fd_mean,0.100816404796671
1025,TEHC,fd_mean,0.0648778632803628
1026,TEHC,fd_mean,0.05630785813764
1027,TEHC,fd_mean,0.1130069546117606
1028,TEHC,fd_mean,0.0653205467183378
1029,TEHC,fd_mean,0.0837822858500922
1030,TEHC,fd_mean,0.0883634629622738
1031,TEHC,fd_mean,0.0762250247486131
1032,TEHC,fd_mean,0.0640159912138936
1033,TEHC,fd_mean,0.1817456323947158
1034,TEHC,fd_mean,0.301084940214982
1035,TEHC,fd_mean,0.3166237649661853
1036,TEHC,fd_mean,0.3409127094419448
1037,TEHC,fd_mean,0.286943869835488
1038,TEHC,fd_mean,0.344805544553088
1039,TEHC,fd_mean,0.3434672861285088
1040,TEHC,fd_mean,0.2792441165114238
1041,TEHC,fd_mean,0.3252638016172132
1042,TEHC,fd_mean,0.3629293917639212
1043,TEHC,fd_mean,0.2814534947342708
1044,TEHC,fd_mean,0.1132757289971098
1045,TEHC,fd_mean,0.1029791054857348
1046,TEHC,fd_mean,0.0941670906785069
1047,TEHC,fd_mean,0.0698782274091939
1048,TEHC,fd_mean,0.1680932247326337
1049,TEHC,fd_mean,0.1718111762522585
1050,TEHC,fd_mean,0.1386810986665665
1051,TEHC,fd_mean,0.1351865438312604
1052,TEHC,fd_mean,0.1386477197131561
1053,TEHC,fd_mean,0.0996176346014505
1054,TEHC,fd_mean,0.0556607614323992
1055,TEHC,fd_mean,0.0529967455378885
1056,TEHC,fd_mean,0.0391772137718947
1057,TEHC,fd_mean,0.0397231311176227
1058,TEHC,fd_mean,0.0346273210126263
1059,TEHC,fd_mean,0.039455845373113
1060,TEHC,fd_mean,0.0662646071293913
1061,TEHC,fd_mean,0.0431289690883796
1062,TEHC,fd_mean,0.0629760601942224
1063,TEHC,fd_mean,0.0338030785392169
1064,TEHC,fd_mean,0.099302491278722
1065,TEHC,fd_mean,0.0791307468720713
1066,TEHC,fd_mean,0.0650318058147566
1067,TEHC,fd_mean,0.0641371005153598
1068,TEHC,fd_mean,0.0896080160498601
1069,TEHC,fd_mean,0.0793901981470005
1070,TEHC,fd_mean,0.0758742849712446
1071,TEHC,fd_mean,0.0742712230204324
1072,TEHC,fd_mean,0.0910738783009446
1073,TEHC,fd_mean,0.0590419676822739
1074,TEHC,fd_mean,0.0641546304905964
1075,TEHC,fd_mean,0.1111216459802422
1076,TEHC,fd_mean,0.1030280293382019
1077,TEHC,fd_mean,0.1254208440115977
1078,TEHC,fd_mean,0.0944744490355978
1079,TEHC,fd_mean,0.1157269040215852
1080,TEHC,fd_mean,0.1180855002672583
1081,TEHC,fd_mean,0.0438400472267504
1082,TEHC,fd_mean,0.0810734445150677
1083,TEHC,fd_mean,0.079273100047326
1084,TEHC,fd_mean,0.136922083655551
1085,TEHC,fd_mean,0.18486622796439
1086,TIS,fd_mean,0.077658851307321
1087,TIS,fd_mean,0.0919827191542662
1088,TIS,fd_mean,0.0760250592417477
1089,TIS,fd_mean,0.0613301803900173
1090,TIS,fd_mean,0.0780723230856159
1091,TIS,fd_mean,0.1398869170157673
1092,TIS,fd_mean,0.1044097527890343
1093,TIS,fd_mean,0.107298216692632
1094,TIS,fd_mean,0.0588756784220788
1095,TIS,fd_mean,0.2167151406034839
1096,TIS,fd_mean,0.2018053369792802
1097,TIS,fd_mean,0.244261376403864
1098,TIS,fd_mean,0.1493205043822599
1099,TIS,fd_mean,0.1894920142074432
1100,TIS,fd_mean,0.2230299578205842
1101,TIS,fd_mean,0.204138854095143
1102,TIS,fd_mean,0.1095195655110767
1103,TIS,fd_mean,0.0911003191266074
1104,TIS,fd_mean,0.1343787175533069
1105,TIS,fd_mean,0.113485033684643
1106,TIS,fd_mean,0.1060252891428521
1107,TIS,fd_mean,0.1128350737760008
1108,TIS,fd_mean,0.0792642385419538
1109,TIS,fd_mean,0.1957618959933697
1110,TIS,fd_mean,0.149725327856832
1111,TIS,fd_mean,0.0847980873110885
1112,TIS,fd_mean,0.1782411266559845
1113,TIS,fd_mean,0.0966183036945576
1114,TIS,fd_mean,0.1062695448278975
1115,TIS,fd_mean,0.1274019477328577
1116,TIS,fd_mean,0.0598322997330207
1117,TIS,fd_mean,0.1038447738734746
1118,TIS,fd_mean,0.0793017210355529
1119,TIS,fd_mean,0.0842417057660716
1120,TIS,fd_mean,0.0909798184436377
1121,TIS,fd_mean,0.1569159320305689
1122,TIS,fd_mean,0.0660263197844411
1123,TIS,fd_mean,0.0689109247049719
1124,TIS,fd_mean,0.0912330470082462
1125,TIS,fd_mean,0.0664389737706355
1126,TIS,fd_mean,0.107410818380995
1127,TIS,fd_mean,0.0765342374239672
1128,TIS,fd_mean,0.0599431269974376
1129,TIS,fd_mean,0.098327381243024
1130,TIS,fd_mean,0.0667941642599649
1131,TIS,fd_mean,0.0814698236024435
1132,TIS,fd_mean,0.0704285741590705
1133,TIS,fd_mean,0.0521733111727897
1134,TIS,fd_mean,0.0446782273395791
1135,TIS,fd_mean,0.1116454068097185
1136,TIS,fd_mean,0.3282335810187128
1137,TIS,fd_mean,0.105956249631394
1138,TIS,fd_mean,0.1006755479789122
1139,TIS,fd_mean,0.125893766668812
1140,TIS,fd_mean,0.1455053725847223
1141,TIS,fd_mean,0.093696843924738
1142,TIS,fd_mean,0.0762893051198011
1143,TIS,fd_mean,0.0692350505546353
1144,TIS,fd_mean,0.3178042331779028
1145,TIS,fd_mean,0.1179340215450209
1146,TIS,fd_mean,0.0458334608779259
1147,TIS,fd_mean,0.0425295549385679
1148,TIS,fd_mean,0.0477330492740801
1149,TIS,fd_mean,0.0551443361613934
1150,TIS,fd_mean,0.0596955771521455
1151,TIS,fd_mean,0.0433207806598387
1152,TIS,fd_mean,0.0501144752878863
1153,TIS,fd_mean,0.076394536465287
1154,TIS,fd_mean,0.0830824396700357
1155,TIS,fd_mean,0.0401049205558419
1156,TIS,fd_mean,0.0866482513506432
1157,TIS,fd_mean,0.2068277426138059
1158,TIS,fd_mean,0.092844956886483
1159,TIS,fd_mean,0.0932533009521686
1160,TIS,fd_mean,0.1195421680652476
1161,TIS,fd_mean,0.069536207364503
1162,TIS,fd_mean,0.1623341846114979
1163,TIS,fd_mean,0.1524793845200447
1164,TIS,fd_mean,0.0976868031978758
1165,TIS,fd_mean,0.3772325630427385
1166,TIS,fd_mean,0.108510743898977
1167,TIS,fd_mean,0.1038500348857861
1168,TIS,fd_mean,0.0891978919125839
1169,TIS,fd_mean,0.1122075476331719
1170,TIS,fd_mean,0.0742217695863856
1171,TIS,fd_mean,0.129545723369744
1172,TIS,fd_mean,0.1488003294665179
1173,TIS,fd_mean,0.161902972721006
1174,TIS,fd_mean,0.1607401867927931
1175,TIS,fd_mean,0.0899332532284675
1176,TIS,fd_mean,0.1817459677525241
1177,TIS,fd_mean,0.2187683444743827
1178,TIS,fd_mean,0.1268972932221597
1179,TIS,fd_mean,0.0818345676101411
1180,TIS,fd_mean,0.1912334206257242
1181,TIS,fd_mean,0.152820268574293
1182,TIS,fd_mean,0.2644509327832623
1183,TIS,fd_mean,0.1176393281459126
1184,TIS,fd_mean,0.2980920945130893
1185,TIS,fd_mean,0.109507468610667
1186,TIS,fd_mean,0.1384484901941749
1187,TIS,fd_mean,0.0857568634373532
1188,TIS,fd_mean,0.2412580823229879
1189,TIS,fd_mean,0.0958085982132467
1190,TIS,fd_mean,0.1056517435027598
1191,TIS,fd_mean,0.2854624501453898
1192,TIS,fd_mean,0.186659417684648
1193,TIS,fd_mean,0.2387028770784385
1194,TIS,fd_mean,0.148624239836603
1195,TIS,fd_mean,0.3045764461426338
1196,TIS,fd_mean,0.2210453381971703
1197,TIS,fd_mean,0.2613165561318614
1198,TIS,fd_mean,0.1738083483702983
1199,TIS,fd_mean,0.2321545042649169
1200,TIS,fd_mean,0.2720296283734573
1201,TIS,fd_mean,0.1777418524019686
1202,TIS,fd_mean,0.0990895464905528
1203,TIS,fd_mean,0.150379364719731
1204,TIS,fd_mean,0.180587504472529
1205,TIS,fd_mean,0.1079367881032065
1206,TIS,fd_mean,0.0729783240627001
1207,TIS,fd_mean,0.1760127925095444
1208,TIS,fd_mean,0.0957222913462285
1209,TIS,fd_mean,0.1080693797490084
1210,TIS,fd_mean,0.2267727990322103
1211,TIS,fd_mean,0.2815831749223207
1212,TIS,fd_mean,0.1771173664435101
1213,TIS,fd_mean,0.172019688536227
1214,TIS,fd_mean,0.1051121718147891
1215,TIS,fd_mean,0.2253993695033224
1216,TIS,fd_mean,0.3460609332120104
1217,TIS,fd_mean,0.1542454366488171
1218,TIS,fd_mean,0.3435617773315492
1219,TIS,fd_mean,0.2633960990236534
1220,TIS,fd_mean,0.1662461682359536
1221,TIS,fd_mean,0.1109750881728024
1222,TIS,fd_mean,0.1097091731687452
1223,TIS,fd_mean,0.0662443325298301
1224,TIS,fd_mean,0.0715664139674827
1225,TIS,fd_mean,0.0935225288240309
1226,TIS,fd_mean,0.0870236967407911
1227,TIS,fd_mean,0.120135768384703
1228,TIS,fd_mean,0.3745504487069208
1229,TIS,fd_mean,0.0868203382228172
1230,TIS,fd_mean,0.0868955340396202
1231,TIS,fd_mean,0.1506414609393462
1232,TIS,fd_mean,0.1214248117376063
1233,TIS,fd_mean,0.0622307710442259
1234,TIS,fd_mean,0.1005006484065696
1235,TIS,fd_mean,0.1009824880934249
1236,TIS,fd_mean,0.1047259863437832
1237,TIS,fd_mean,0.1005575000781335
1238,TIS,fd_mean,0.1307832332075434
1239,TIS,fd_mean,0.0638071029877174
1240,TIS,fd_mean,0.1134096344130146
1241,TIS,fd_mean,0.1121352023432362
1242,TIS,fd_mean,0.1044482983353301
1243,TIS,fd_mean,0.0347473071463073
1244,TIS,fd_mean,0.0634452486580958
1245,TIS,fd_mean,0.0458372818504871
1246,TIS,fd_mean,0.0545060267177056
1247,TIS,fd_mean,0.0722161278507302
1248,TIS,fd_mean,0.0482513082497849
1249,TIS,fd_mean,0.041478949526973
1250,TIS,fd_mean,0.0556730173902119
1251,TIS,fd_mean,0.0584448130881912
1252,TIS,fd_mean,0.050315597553935
1253,TIS,fd_mean,0.0647934969826395
1254,TIS,fd_mean,0.0692195150120982
1255,TIS,fd_mean,0.0960353839730045
1256,TIS,fd_mean,0.0596646934293083
1257,TIS,fd_mean,0.0339692819453339
1258,TIS,fd_mean,0.0537301918739891
1259,TIS,fd_mean,0.0592335032836187
1260,TIS,fd_mean,0.0856968427299923
1261,TIS,fd_mean,0.0880775888607285
1262,TIS,fd_mean,0.0763122263065592
1263,TIS,fd_mean,0.1032465992027395
1264,TIS,fd_mean,0.0569445409429124
1265,TIS,fd_mean,0.0917233249949866
1266,TIS,fd_mean,0.1061931160153389
1267,TIS,fd_mean,0.1692566757030749
1268,TIS,fd_mean,0.1295917485076246
1269,TIS,fd_mean,0.0906828214421793
1270,TIS,fd_mean,0.1784149050300084
1271,TIS,fd_mean,0.1812770305764084
1272,TIS,fd_mean,0.1488633988084205
1273,TIS,fd_mean,0.2494396561534212
1274,TIS,fd_mean,0.1258420694533719
1275,TIS,fd_mean,0.0852992582890604
1276,TIS,fd_mean,0.1012939614145268
1277,TIS,fd_mean,0.0834232861066649
1278,TIS,fd_mean,0.1159194137001872
1279,TIS,fd_mean,0.0569366678512555
1280,TIS,fd_mean,0.0591450849577595
1281,TIS,fd_mean,0.0490070747373054
1282,TIS,fd_mean,0.0922256250521441
1283,TIS,fd_mean,0.0767529145314161
1284,TIS,fd_mean,0.071728843734409
1285,TIS,fd_mean,0.1371708380161899
1286,TIS,fd_mean,0.0797156449981394
1287,TIS,fd_mean,0.1067030414950725
1288,TIS,fd_mean,0.0627576206693028
1289,TIS,fd_mean,0.1215586948667529
1290,TIS,fd_mean,0.0700773059984599
1291,TIS,fd_mean,0.069675119231547
1292,TIS,fd_mean,0.0574677710623136
1293,TIS,fd_mean,0.0484783729678956
1294,TIS,fd_mean,0.0684933228282004
1295,TIS,fd_mean,0.125824643394768
1296,TIS,fd_mean,0.0508001345403544
1297,TIS,fd_mean,0.1190309627143454
1298,TIS,fd_mean,0.100591084300976
1299,TIS,fd_mean,0.1024426529079618
1300,TIS,fd_mean,0.0993050626444987
1301,TIS,fd_mean,0.105247974911546
1302,TIS,fd_mean,0.1075117226282014
1303,TIS,fd_mean,0.0743732010195688
1304,TIS,fd_mean,0.0587671694755542
1305,TIS,fd_mean,0.1068869590651131
1306,TIS,fd_mean,0.0862971153665426
1307,TIS,fd_mean,0.1350132868082461
1308,TIS,fd_mean,0.1098813305985822
1309,TIS,fd_mean,0.1938452801690988
1310,TIS,fd_mean,0.1230698913527478
1311,TIS,fd_mean,0.1797763237802602
1312,TIS,fd_mean,0.1981131880598895
1313,TIS,fd_mean,0.1162429744558146
1314,TIS,fd_mean,0.1593961128422429
1315,TIS,fd_mean,0.1567341366347858
1316,TIS,fd_mean,0.1745714749610764
1317,TIS,fd_mean,0.1652983197915983
1318,TIS,fd_mean,0.2637149854577285
1319,TIS,fd_mean,0.1540034228171637
1320,TIS,fd_mean,0.1262158663116072
1321,TIS,fd_mean,0.0968476469689175
1322,TIS,fd_mean,0.2845031335610358
1323,TIS,fd_mean,0.1423520752891544
1324,TIS,fd_mean,0.099600208409724
1325,TIS,fd_mean,0.1447311402072667
1326,TIS,fd_mean,0.1351132946099703
1327,TIS,fd_mean,0.1552114118024075
1328,TIS,fd_mean,0.1005725906106814
1329,TIS,fd_mean,0.1471928773757256
1330,TIS,fd_mean,0.1013767877654533
1331,TIS,fd_mean,0.1799641846351149
1332,TIS,fd_mean,0.0801723716009086
1333,TIS,fd_mean,0.1162196571862208
1334,TIS,fd_mean,0.1069759395712991
1335,TIS,fd_mean,0.0784759755632856
1336,TIS,fd_mean,0.0895155872518854
1337,TIS,fd_mean,0.0892633020251499
1338,TIS,fd_mean,0.1004364752348939
1339,TIS,fd_mean,0.0968240807068465
1340,TIS,fd_mean,0.106243455727115
1341,TIS,fd_mean,0.1556756640573441
1342,TIS,fd_mean,0.1461410534961961
1343,TIS,fd_mean,0.2344415474837901
1344,TIS,fd_mean,0.1294000803304019
1345,TIS,fd_mean,0.0990442177820154
1346,TIS,fd_mean,0.219791145816776
1347,TIS,fd_mean,0.1743561145971705
1348,TIS,fd_mean,0.1262575880804952
1349,TIS,fd_mean,0.153386556589058
1350,TIS,fd_mean,0.1683038076883799
1351,TIS,fd_mean,0.129891314672916
1352,TIS,fd_mean,0.1621672750302686
1353,TIS,fd_mean,0.0777761181432139
1354,TIS,fd_mean,0.1040978862530363
1355,TIS,fd_mean,0.0777635429223129
1356,TIS,fd_mean,0.0633112823873991
1357,TIS,fd_mean,0.0619216402143073
1358,TIS,fd_mean,0.1284442339860685
1359,TIS,fd_mean,0.0537750328483365
1360,TIS,fd_mean,0.0653652292748172
1361,TIS,fd_mean,0.0862344892631461
1362,TIS,fd_mean,0.0735662788344881
1363,TIS,fd_mean,0.1460578977578316
1364,TIS,fd_mean,0.3461906453935397
1365,TIS,fd_mean,0.564529968189351
1366,TIS,fd_mean,0.3373223847196039
1367,TIS,fd_mean,0.2590366318241568
1368,TIS,fd_mean,0.154641449183022
1369,TIS,fd_mean,0.2021830172049397
1370,TIS,fd_mean,0.3014607513074402
1371,TIS,fd_mean,0.6256241272592881
1372,TIS,fd_mean,0.1271268682735553
1373,TIS,fd_mean,0.1109913105705172
1374,TIS,fd_mean,0.1310377474737618
1375,TIS,fd_mean,0.2173751876056361
1376,TIS,fd_mean,0.0947710705284537
1377,TIS,fd_mean,0.0994427720192096
1378,TIS,fd_mean,0.1932992311854585
1379,TIS,fd_mean,0.0748599735489564
1380,TIS,fd_mean,0.1729292577811794
1381,TIS,fd_mean,0.1454129373742371
1382,TIS,fd_mean,0.2370408428830305
1383,TIS,fd_mean,0.1956499040243211
1384,TIS,fd_mean,0.1815779543860991
1385,TIS,fd_mean,0.2344387492912291
1386,TIS,fd_mean,0.2233713069351678
1387,TIS,fd_mean,0.4112772658062739
1388,TIS,fd_mean,0.3971647790120147
1389,TIS,fd_mean,0.2229477688116239
1390,TIS,fd_mean,0.3522410340452349
1391,TIS,fd_mean,0.1902170777697537
1392,TIS,fd_mean,0.0907176287598114
1393,TIS,fd_mean,0.0927306352043988
1394,TIS,fd_mean,0.3131416386049437
1395,TIS,fd_mean,0.1820166009635597
1396,TIS,fd_mean,0.1593736420090654
1397,TIS,fd_mean,0.1862837463351722
1398,TIS,fd_mean,0.0820782318039022
1399,TIS,fd_mean,0.0793817815133153
1400,TIS,fd_mean,0.1688935686463247
1401,TIS,fd_mean,0.1110847980081482
1402,TIS,fd_mean,0.1038900128032306
1403,TIS,fd_mean,0.0641850449045529
1404,TIS,fd_mean,0.0843334393770803
1405,TIS,fd_mean,0.0826571622858191
1406,TIS,fd_mean,0.1565338384225077
1407,TIS,fd_mean,0.0759304715040624
1408,TIS,fd_mean,0.1291908433720592
1409,TIS,fd_mean,0.1434104910171055
1410,TIS,fd_mean,0.0658685461919412
1411,TIS,fd_mean,0.141011186586062
1412,TIS,fd_mean,0.1808337122859829
1413,TIS,fd_mean,0.2413371740739067
1414,TIS,fd_mean,0.4038659273936762
1415,TIS,fd_mean,0.2750457656612445
1416,TIS,fd_mean,0.1562621162803265
1417,TIS,fd_mean,0.2367419105030132
1418,TIS,fd_mean,0.1644886549731717
1419,TIS,fd_mean,0.2547859101658954
1420,TIS,fd_mean,0.1989566155845282
